dateLogged,day,sleepDuration,activeCalories,floors,maxHeartRate,minHeartRate,moderateIntensityMins,restHeartRate,calories,distance,steps,vigourousIntensityMinutes,VO2MAX,weight,beers,virus,predictVirus,score
30-Jun-17,Friday,6.8,410,8,126,44,0,57,2361,7.4,8876,0,65,79.3,2,N,Y,79.70
29-Jun-17,Thursday,7.8,1304,30,158,50,9,54,3420,20.3,21058,43,65,78.7,4,N,N,1.98
28-Jun-17,Wednesday,7.0,365,7,139,39,0,52,2481,6.8,8195,0,65,78.7,3,N,N,4.96
27-Jun-17,Tuesday,8.4,401,4,139,39,3,45,2517,5.8,6843,10,64,78.7,1,N,N,0.00
26-Jun-17,Monday,7.7,95,0,119,43,0,50,2193,2,2331,0,64,77.2,0,N,N,0.05
25-Jun-17,Sunday,8.2,404,17,122,46,0,51,2502,9.6,11525,0,64,77.2,0,N,N,30.81
24-Jun-17,Saturday,9.0,433,4,147,45,0,53,2531,7.9,9178,0,64,77.2,0,N,N,41.80
23-Jun-17,Friday,8.4,1958,14,174,46,7,51,4052,17.8,18202,100,64,77.2,0,N,N,2.18
22-Jun-17,Thursday,9.4,39,0,99,41,0,53,2156,1.1,1320,0,64,76.9,0,N,Y,66.90
21-Jun-17,Wednesday,8.4,409,21,110,47,0,47,2540,8.5,10164,0,64,78.8,0,N,N,1.50
20-Jun-17,Tuesday,11.4,155,23,118,40,0,48,2274,6.1,7151,0,64,79.9,0,N,N,0.17
19-Jun-17,Monday,5.1,555,1,162,46,26,51,2671,6.6,6994,22,64,78.9,0,N,N,0.01
18-Jun-17,Sunday,4.5,0,0,105,44,0,53,897,0.1,109,0,64,78.7,0,N,N,45.51
17-Jun-17,Saturday,6.5,1139,52,173,39,33,45,3250,24.7,14302,55,64,78.3,0,N,N,0.00
16-Jun-17,Friday,8.7,473,17,129,41,0,59,2584,10.9,13004,0,64,78.3,3,Y,Y,92.64
15-Jun-17,Thursday,7.2,473,15,130,42,0,54,2584,10.3,12402,0,64,78.3,6,N,N,1.28
14-Jun-17,Wednesday,7.3,339,4,107,37,0,49,2450,8.4,10024,0,64,78.3,2,N,N,0.47
13-Jun-17,Tuesday,6.6,1958,32,162,35,11,51,4069,32.7,26659,91,64,78.3,5,N,N,0.00
12-Jun-17,Monday,9.3,2616,98,176,37,8,47,4727,30.5,27975,165,64,78.3,4,N,N,0.00
11-Jun-17,Sunday,1.5,276,6,124,42,0,54,2365,5.9,7052,0,65,78.3,2,N,N,6.87
10-Jun-17,Saturday,7.1,410,9,138,36,6,47,2521,10.1,12045,6,65,78.3,3,N,N,0.00
9-Jun-17,Friday,8.1,139,2,115,40,0,48,2250,5.3,6385,0,65,78.3,3,N,N,0.32
8-Jun-17,Thursday,7.3,541,15,130,35,24,45,2651,5.8,6910,2,65,78.3,0,N,N,0.01
7-Jun-17,Wednesday,7.8,953,9,169,33,8,50,3063,14.4,13635,69,65,78.3,2,N,N,0.14
6-Jun-17,Tuesday,8.8,684,5,171,33,3,44,2794,11.5,11220,25,65,78.3,0,N,N,0.00
5-Jun-17,Monday,9.7,515,2,118,34,73,44,2625,9.8,9069,0,65,78.3,1,N,N,0.00
4-Jun-17,Sunday,9.8,536,15,161,41,5,46,2646,10.7,11360,22,65,78.3,1,N,N,0.17
3-Jun-17,Saturday,8.8,544,29,172,40,4,48,2654,10.3,10702,20,65,78.3,4,N,N,0.01
2-Jun-17,Friday,8.5,80,19,117,39,0,45,2190,3.3,3978,0,65,78.3,4,N,N,0.01
1-Jun-17,Thursday,9.2,1132,10,166,39,11,40,3242,14.4,13228,73,65,78.3,0,N,N,0.00
31-May-17,Wednesday,8.3,80,18,129,39,0,44,2190,2.5,2839,0,65,78.3,0,N,N,0.08
30-May-17,Tuesday,5.8,65,11,132,39,0,45,2170,2.8,3128,0,65,78.3,0,N,N,0.00
29-May-17,Monday,7.6,1013,85,161,36,48,47,3118,15.9,16507,58,65,79,0,N,N,0.00
28-May-17,Sunday,10.6,1658,0,154,37,63,37,3762,12.2,12884,24,64,77.5,3,N,N,0.00
27-May-17,Saturday,9.5,485,8,139,40,0,45,2589,8.9,10590,0,64,78.6,2,N,N,0.01
26-May-17,Friday,8.4,1141,140,174,39,50,45,3238,11.6,13934,55,64,79,0,N,N,0.01
25-May-17,Thursday,8.2,407,1,157,39,12,43,2522,7.3,6788,22,64,79.2,0,N,N,0.00
24-May-17,Wednesday,10.6,164,12,117,41,0,43,2280,3.2,3723,0,64,78.4,0,N,N,0.11
23-May-17,Tuesday,8.8,217,3,116,36,0,44,2327,6.5,7785,0,64,79.8,0,N,N,0.00
22-May-17,Monday,6.4,475,7,133,46,0,57,2585,8.7,10282,0,64,79.7,1,N,N,4.82
21-May-17,Sunday,8.1,2103,199,172,45,15,50,4213,21.9,23393,96,64,79.4,2,N,N,0.11
20-May-17,Saturday,7.6,1534,5,213,45,5,51,3644,22.7,20113,80,64,77.9,0,N,N,0.31
19-May-17,Friday,5.3,1295,98,170,42,16,53,3405,12.4,12637,78,64,78.7,0,N,N,4.50
18-May-17,Thursday,3.5,131,2,125,40,0,44,2241,3.4,4119,0,64,79.5,1,N,N,0.00
17-May-17,Wednesday,7.8,86,1,116,40,0,51,2196,3.2,3849,0,64,78.5,0,N,N,27.95
16-May-17,Tuesday,8,322,9,124,46,0,46,2432,6.2,7387,0,64,78.1,3,N,N,0.00
15-May-17,Monday,7.2,1033,20,178,47,6,56,3143,13.3,12339,33,64,77.4,4,N,N,0.14
14-May-17,Sunday,7.8,1400,62,157,44,16,52,3510,23.5,23354,50,65,77.6,3,N,N,0.67
13-May-17,Saturday,9.8,1900,35,159,39,22,50,4010,29.9,26300,102,65,77,1,N,N,0.02
12-May-17,Friday,7.8,997,23,136,37,3,49,3107,21.3,22994,43,65,78.3,2,N,N,0.06
11-May-17,Thursday,9.2,547,4,120,38,0,38,2657,8.6,10365,0,65,77.8,6,N,N,0.00
10-May-17,Wednesday,7,1127,30,162,41,12,58,3237,21.8,20911,57,65,77.3,2,N,Y,59.86
9-May-17,Tuesday,7.1,1337,23,170,42,2,52,3447,20.6,19783,47,65,76.7,4,N,N,0.00
8-May-17,Monday,9.9,507,8,140,39,5,49,2617,10.4,10042,25,64,77,1,N,N,0.00
7-May-17,Sunday,9.8,727,6,125,39,99,44,2846,8.1,6767,6,64,77.7,4,N,N,0.00
6-May-17,Saturday,8,320,0,130,39,8,43,2439,6.6,7796,9,64,77.7,3,N,N,0.00
5-May-17,Friday,5.4,155,0,112,45,0,59,2275,3,3600,0,64,76.7,0,Y,Y,97.40
4-May-17,Thursday,7,926,3,179,43,4,55,3046,11.6,11587,25,64,78.4,3,N,N,11.21
3-May-17,Wednesday,9.3,638,6,143,40,3,54,2758,12,12236,24,64,79,0,N,Y,69.74
2-May-17,Tuesday,7.4,428,4,135,42,0,49,2548,7.4,8870,0,64,78.1,0,N,N,0.05
1-May-17,Monday,9,380,7,138,40,6,47,2490,6.2,7259,14,64,78.4,0,N,N,0.00
30-Apr-17,Sunday,10,479,20,124,41,0,48,2592,10.4,12262,0,64,77.7,3,N,N,0.51
29-Apr-17,Saturday,10,459,13,135,43,3,51,2563,11.5,11855,8,64,77.1,2,N,N,2.84
28-Apr-17,Friday,8.9,672,0,173,42,1,50,2789,9,9637,12,64,78.8,3,N,N,1.60
27-Apr-17,Thursday,6.2,455,1,128,45,0,52,2564,7.9,9469,0,64,77.5,2,N,N,3.18
26-Apr-17,Wednesday,8.8,87,5,119,41,0,48,2196,4.7,5611,0,63,77.5,1,N,N,2.16
25-Apr-17,Tuesday,7.4,257,5,132,41,0,45,2366,6.9,8027,0,63,77.5,2,N,N,0.00
24-Apr-17,Monday,7,220,5,128,41,0,51,2329,6.5,7841,0,63,77.5,0,N,N,0.03
23-Apr-17,Sunday,9.2,431,8,130,44,0,45,2540,7.9,9422,0,63,77.5,0,N,N,0.29
22-Apr-17,Saturday,8.3,2950,35,184,42,13,51,5059,36.9,34041,112,63,77.5,12,N,N,0.00
21-Apr-17,Friday,9.2,279,1,127,33,0,43,2388,7.4,8877,0,63,77.3,0,N,N,0.01
20-Apr-17,Thursday,9,387,3,122,39,0,39,2486,8.2,9785,0,63,76.7,0,N,N,0.00
19-Apr-17,Wednesday,8.7,1244,6,162,45,11,45,3336,17.3,17396,71,63,77.5,0,N,N,0.02
18-Apr-17,Tuesday,8.2,883,18,141,42,0,52,2985,13.6,15199,0,63,77.7,2,N,N,0.15
17-Apr-17,Monday,10.2,1142,7,124,41,125,48,3237,16.7,16066,16,63,78.2,3,N,N,0.00
16-Apr-17,Sunday,8.8,515,0,125,45,0,48,2610,11.9,14175,0,63,77,4,N,N,0.18
15-Apr-17,Saturday,9.9,675,3,127,39,0,49,2770,12,14130,0,63,75.9,0,N,N,0.94
14-Apr-17,Friday,7.9,2482,43,233,42,46,50,4564,29.3,27622,115,63,77.8,3,N,N,0.01
13-Apr-17,Thursday,7.9,201,2,121,37,0,48,2306,6.1,7158,0,63,76.7,4,N,N,0.02
12-Apr-17,Wednesday,7.2,1543,27,172,40,4,45,3660,19.6,17971,66,62,76.7,0,N,N,0.00
11-Apr-17,Tuesday,8.6,532,20,125,40,0,45,2625,11.9,13875,0,62,77.2,0,N,N,0.00
10-Apr-17,Monday,9.6,2175,0,195,40,156,46,4273,11.3,26446,126,61,77.1,0,N,N,0.00
9-Apr-17,Sunday,9.5,400,27,118,38,0,43,2497,11.6,13875,0,61,77.8,3,N,N,0.00
8-Apr-17,Saturday,9.9,1017,21,140,42,16,46,3122,13.2,15662,11,61,77.8,3,N,N,0.00
7-Apr-17,Friday,10.5,174,0,117,43,0,53,2279,5.6,6681,0,61,78.1,1,Y,Y,68.49
6-Apr-17,Thursday,5.5,110,0,109,41,0,56,2220,3.1,3717,0,61,77.2,0,Y,Y,75.77
5-Apr-17,Wednesday,8.1,292,4,144,40,0,55,2390,6.9,8275,0,61,77.2,1,Y,Y,80.05
4-Apr-17,Tuesday,7.1,912,72,170,39,8,47,3010,14.9,15773,44,61,77.2,2,N,N,0.00
3-Apr-17,Monday,7.3,157,4,128,38,0,42,2255,5.4,6540,0,61,77.6,0,N,N,0.00
2-Apr-17,Sunday,9.2,1713,38,132,42,211,52,3811,16.7,15554,4,61,77.2,3,N,N,0.18
1-Apr-17,Saturday,8.4,1717,16,216,41,15,51,3815,20.2,19262,80,61,77.4,4,N,N,0.02
31-Mar-17,Friday,9,325,0,116,36,0,47,2427,8,9510,0,61,78.5,3,N,N,0.09
30-Mar-17,Thursday,8,368,0,152,35,0,45,2483,8.1,8426,0,60,77,0,N,N,0.01
29-Mar-17,Wednesday,7.4,494,27,143,44,4,49,2581,12.1,12051,22,60,77,2,N,N,0.53
28-Mar-17,Tuesday,7.5,1684,18,176,36,3,47,3771,24.1,23861,66,60,77,4,N,N,0.00
27-Mar-17,Monday,9.4,2086,71,243,36,47,43,4173,24.8,25460,106,60,78.3,0,N,N,0.00
26-Mar-17,Sunday,7.3,220,8,120,40,0,52,2318,6.8,8142,0,60,76.9,3,N,N,7.68
25-Mar-17,Saturday,8.8,1927,10,148,44,33,49,4022,15,17759,4,60,76.9,1,N,N,0.11
24-Mar-17,Friday,8.8,229,1,110,36,0,48,2324,7.3,8713,0,60,76.4,3,N,N,0.22
23-Mar-17,Thursday,8.1,1189,75,158,39,2,45,3277,23.5,21948,94,60,78.2,0,N,N,0.00
22-Mar-17,Wednesday,8,1879,0,177,40,42,42,3989,7.2,11860,109,60,75.9,0,N,N,0.00
21-Mar-17,Tuesday,7.2,553,5,155,39,1,55,2652,12.2,12886,37,59,75.9,1,N,N,1.73
20-Mar-17,Monday,6.5,307,4,125,37,0,51,2406,7.7,9215,0,58,75.9,5,N,N,0.00
19-Mar-17,Sunday,8.5,2196,241,162,44,12,50,4278,28.4,29155,164,59,75.7,3,N,N,0.01
18-Mar-17,Saturday,8.2,1547,38,169,40,11,51,3627,21,20039,79,59,76.1,4,N,N,0.01
17-Mar-17,Friday,8.6,362,11,130,41,0,48,2448,7.8,9332,0,59,76,5,N,N,0.09
16-Mar-17,Thursday,8.4,910,20,156,42,8,47,3012,13.7,13979,42,59,76,1,N,N,0.02
15-Mar-17,Wednesday,8.8,2323,30,199,37,54,37,4407,22.2,22411,125,59,77.7,0,N,N,0.00
14-Mar-17,Tuesday,8.8,1029,62,167,42,7,45,3133,13.6,13753,42,58,77.7,0,N,N,0.00
13-Mar-17,Monday,7.7,786,79,159,37,27,44,2890,15.5,11747,49,58,77.2,0,N,N,0.00
12-Mar-17,Sunday,9,488,7,128,38,0,52,2587,9.7,11577,0,57,77.8,3,N,N,8.88
11-Mar-17,Saturday,9.5,2595,64,175,44,49,52,4700,20.8,19965,130,58,77.3,3,N,N,0.04
10-Mar-17,Friday,7.7,1214,64,165,44,8,49,3313,15.1,14073,52,58,77.3,3,N,N,0.11
9-Mar-17,Thursday,7.5,1016,67,167,41,4,49,3132,14.2,13697,48,59,77.3,2,N,N,0.04
8-Mar-17,Wednesday,8.6,262,0,133,40,22,46,2348,7.3,7294,0,58,76.2,1,N,N,0.13
7-Mar-17,Tuesday,8.4,407,22,168,37,3,45,2493,4.9,6000,27,58,77.1,0,N,N,0.00
6-Mar-17,Monday,7.9,1335,1,170,41,6,49,3433,15,14682,57,58,77.6,0,N,N,0.00
5-Mar-17,Sunday,8.4,171,27,123,40,0,47,2264,6.4,7495,0,58,76.5,0,N,N,1.08
4-Mar-17,Saturday,9.9,822,26,169,38,3,44,2915,9.2,10855,35,58,78.8,0,N,N,0.00
3-Mar-17,Friday,7.1,560,12,154,36,0,55,2653,6.2,7346,0,58,76.2,2,N,N,39.84
2-Mar-17,Thursday,6.6,135,3,123,46,0,48,2228,3.4,4135,0,60,76.2,0,N,N,0.79
1-Mar-17,Wednesday,5.9,529,6,138,37,0,45,2622,8.6,10299,0,60,76.2,1,N,N,0.01
28-Feb-17,Tuesday,7.5,252,13,126,43,0,43,2345,6,7187,0,60,76.2,1,N,N,0.00
27-Feb-17,Monday,8.6,1508,5,179,45,13,55,3601,19.7,19900,54,60,76.2,7,N,N,0.00
26-Feb-17,Sunday,7.2,803,6,140,36,64,36,2896,15.6,18888,0,60,76.2,8,N,N,0.00
25-Feb-17,Saturday,8.1,653,8,149,35,0,50,2746,7.5,8862,0,61,76.2,1,N,N,0.54
24-Feb-17,Friday,8.6,773,24,158,42,9,45,2866,10.4,10723,42,61,76.4,3,N,N,0.01
23-Feb-17,Thursday,7.7,511,21,169,39,2,46,2604,7.2,7847,22,61,76.8,0,N,N,0.03
22-Feb-17,Wednesday,7.5,1451,31,157,44,14,49,3544,19.1,19274,46,61,77.1,0,N,N,0.39
21-Feb-17,Tuesday,8.8,1106,54,147,38,0,42,3204,15.4,17832,0,61,77.7,0,N,N,0.00
20-Feb-17,Monday,8.4,300,0,127,40,0,44,2404,3.9,4570,0,61,77.7,0,N,N,0.00
19-Feb-17,Sunday,9.8,472,9,134,43,0,51,2576,7.1,8375,0,61,78.1,2,N,N,20.88
18-Feb-17,Saturday,10,593,12,151,40,0,41,2703,9.2,10314,0,61,77.1,7,N,N,0.00
17-Feb-17,Friday,7.4,676,4,127,43,0,60,2773,11.8,14051,0,61,77.1,1,N,Y,97.42
16-Feb-17,Thursday,5.3,351,2,117,39,0,50,2448,9.2,11072,0,61,77.1,10,N,N,0.00
15-Feb-17,Wednesday,7.6,1507,2,169,37,18,46,3604,20.2,20349,59,61,77.1,3,N,N,0.00
14-Feb-17,Tuesday,8.8,636,5,167,35,3,45,2733,14.2,14081,27,61,77.9,3,N,N,0.00
13-Feb-17,Monday,3.2,167,11,109,32,0,32,2264,7.7,9189,0,60,78,3,N,N,0.00
12-Feb-17,Sunday,8.4,301,9,122,46,0,54,2398,8.9,10618,0,60,77.1,3,N,Y,52.84
11-Feb-17,Saturday,8.8,3389,124,171,41,10,45,5477,35.5,38637,236,60,76.4,2,N,N,0.00
10-Feb-17,Friday,7.4,314,3,151,36,6,43,2416,5.7,5688,19,60,77.5,1,N,N,0.00
9-Feb-17,Thursday,9.5,96,5,118,40,0,43,2189,3.6,4370,0,60,76.8,0,N,N,0.01
8-Feb-17,Wednesday,8.6,615,33,156,40,7,41,2715,6,7072,5,60,77,0,N,N,0.00
7-Feb-17,Tuesday,8,588,4,125,40,0,43,2688,8.5,3935,0,60,77.4,0,N,N,0.00
6-Feb-17,Monday,10.8,1011,8,156,39,1,47,3111,9.9,8893,13,60,77.4,2,N,N,0.00
5-Feb-17,Sunday,8.1,2740,25,168,45,13,51,4832,32.3,29516,151,60,76.7,1,N,N,0.07
4-Feb-17,Saturday,9.7,1970,7,176,40,47,44,4063,11.4,11671,53,60,77.2,0,N,N,0.00
3-Feb-17,Friday,7.6,92,6,118,39,0,39,2185,3.7,4448,0,60,77,2,N,N,0.00
2-Feb-17,Thursday,8.9,521,14,137,40,0,39,2614,9.6,11303,0,59,76.8,1,N,N,0.00
1-Feb-17,Wednesday,10.2,1018,10,163,34,6,38,3122,15.3,13405,53,59,77.8,1,N,N,0.00
31-Jan-17,Tuesday,8,1376,2,155,37,20,40,3480,8.7,6467,59,59,77.8,0,N,N,0.00
30-Jan-17,Monday,8,281,0,136,44,0,48,2385,5.7,6571,0,59,77.6,3,N,N,0.00
29-Jan-17,Sunday,9.2,497,54,137,43,0,48,2595,11.6,12748,0,59,77.1,4,N,N,0.19
28-Jan-17,Saturday,8.6,1317,51,169,44,4,49,3403,20.1,19566,51,59,76.1,3,N,N,0.02
27-Jan-17,Friday,8,685,11,157,42,3,45,2783,12.3,11169,41,59,77.2,3,N,N,0.01
26-Jan-17,Thursday,9.4,850,69,174,40,13,43,2955,10.8,10269,38,58,77.8,0,N,N,0.00
25-Jan-17,Wednesday,8.6,181,1,113,39,0,44,2286,6.5,7657,0,58,77.8,1,N,N,0.02
24-Jan-17,Tuesday,8.5,173,3,136,40,0,48,2273,3.4,3729,0,59,77.4,0,N,N,0.05
23-Jan-17,Monday,11.8,988,25,183,39,6,44,3086,14.1,13161,40,59,77.2,0,N,N,0.00
22-Jan-17,Sunday,8.3,991,32,150,38,24,45,3108,9.6,10995,26,59,78.7,1,N,N,0.01
21-Jan-17,Saturday,9.9,1467,11,154,41,76,43,3573,17.5,9449,18,60,77.9,3,N,N,0.00
20-Jan-17,Friday,11.5,736,49,154,35,8,45,2842,14.7,13952,43,60,77.9,2,N,N,0.02
19-Jan-17,Thursday,9.2,1036,123,167,39,44,43,3142,12.7,13043,40,59,77.9,0,N,N,0.00
18-Jan-17,Wednesday,8.8,923,15,148,31,7,45,3029,8.9,5817,16,59,77.9,0,N,N,0.03
17-Jan-17,Tuesday,7.1,934,18,164,40,7,40,3047,17.6,16751,47,59,78.4,1,N,N,0.00
16-Jan-17,Monday,11.1,1014,51,164,42,3,46,3127,18.8,19757,26,59,78.4,0,N,N,0.00
15-Jan-17,Sunday,9.1,577,5,140,40,82,46,2690,8.5,6876,1,58,78.4,2,N,N,0.03
14-Jan-17,Saturday,9.1,1314,77,163,40,12,48,3419,19,19022,65,57,77.8,0,N,N,0.03
13-Jan-17,Friday,11.6,656,26,171,45,2,47,2761,12.2,11419,44,57,77.8,0,N,N,1.94
12-Jan-17,Thursday,10.7,1177,66,168,39,6,45,3282,14.5,11934,35,57,77.8,0,N,N,0.02
11-Jan-17,Wednesday,8.6,338,0,153,40,3,46,2447,6.1,6087,19,57,78.1,0,N,N,0.31
10-Jan-17,Tuesday,12.2,774,8,151,42,6,45,2883,6.9,3997,18,57,78.1,0,N,N,0.01
9-Jan-17,Monday,10.4,256,2,152,46,3,46,2370,5.7,5331,17,57,78.4,0,N,N,0.00
8-Jan-17,Sunday,9.6,183,2,135,39,0,55,2296,3.4,3980,0,57,78.4,2,Y,Y,87.89
7-Jan-17,Saturday,9.6,608,9,145,55,3,65,2721,8.4,9786,9,56,78.4,0,Y,Y,99.97
6-Jan-17,Friday,8.4,719,1,126,60,0,64,2832,7.5,8953,0,56,78.4,2,Y,Y,99.88
5-Jan-17,Thursday,9.4,1327,7,160,52,6,54,3441,10.2,11527,11,56,78.5,1,Y,Y,60.01
4-Jan-17,Wednesday,9.1,443,20,119,45,0,46,2548,7.4,8763,0,56,77.8,2,N,N,0.20
3-Jan-17,Tuesday,9.6,1086,25,164,46,21,47,3191,9.3,10449,34,56,77.8,0,N,N,0.01
2-Jan-17,Monday,8.6,2927,273,164,45,14,48,5032,30.5,30560,177,56,77.8,0,N,N,0.00
1-Jan-17,Sunday,7.9,547,41,125,45,30,51,2672,12.8,16870,4,56,79.3,0,N,N,11.52
31-Dec-16,Saturday,9.4,1587,16,150,43,7,48,3709,12.4,13137,30,56,78.7,5,N,N,0.01
30-Dec-16,Friday,8.8,738,9,153,44,6,48,2857,10.7,11821,19,56,78.8,2,N,N,0.42
29-Dec-16,Thursday,11.1,1613,36,161,43,14,47,3732,12.9,14540,72,56,78.8,1,N,N,0.05
28-Dec-16,Wednesday,9.9,189,14,124,45,0,51,2313,7.6,9159,0,56,78.8,3,N,N,13.90
27-Dec-16,Tuesday,9.1,1897,139,179,46,37,53,4005,47.6,20300,88,58,77.5,2,N,N,0.01
26-Dec-16,Monday,9.8,1775,17,157,48,24,56,3877,15.7,16858,49,58,76.9,3,N,N,0.37
25-Dec-16,Sunday,8.8,503,23,133,40,0,52,2624,9.3,11055,0,57,78.5,1,N,N,28.95
24-Dec-16,Saturday,9.5,1637,51,170,43,8,49,3736,17.3,16593,72,57,76.8,1,N,N,0.08
23-Dec-16,Friday,10.5,536,12,146,43,0,50,2645,6.6,7659,0,57,77.6,1,N,N,15.75
22-Dec-16,Thursday,7.1,1923,34,166,45,31,48,4032,15.3,16639,66,57,77.6,1,N,N,0.01
21-Dec-16,Wednesday,9.2,641,0,127,46,0,48,2752,7.4,8757,0,57,77.8,0,N,N,4.98
20-Dec-16,Tuesday,7.8,2222,14,155,47,206,54,4343,16.2,13720,45,58,78.5,2,N,N,0.01
19-Dec-16,Monday,7.8,1040,14,164,47,2,53,3171,14.9,17025,11,58,79.4,1,N,N,0.09
18-Dec-16,Sunday,8.9,1653,55,179,39,12,45,3753,16.8,15275,51,58,76.9,0,N,N,0.01
17-Dec-16,Saturday,9.1,666,26,141,42,39,46,2777,11.2,13026,12,58,77.8,3,N,N,0.00
16-Dec-16,Friday,8.4,1071,47,157,41,6,44,3187,16.3,15163,49,57,78.2,1,N,N,0.00
15-Dec-16,Thursday,12.6,202,4,129,44,0,51,2327,4.7,5370,0,57,78.9,1,N,N,44.58
14-Dec-16,Wednesday,7.8,1141,51,162,41,6,43,3247,19.6,19622,47,57,77.4,0,N,N,0.00
13-Dec-16,Tuesday,8.5,1030,37,166,39,8,39,3141,17.2,16299,46,57,77.8,0,N,N,0.00
12-Dec-16,Monday,9.4,111,0,133,39,0,43,2219,3.3,3708,0,57,77.5,0,N,N,0.00
11-Dec-16,Sunday,8.8,1321,61,180,43,9,46,3425,18.2,17329,56,57,77.2,2,N,N,0.01
10-Dec-16,Saturday,9.3,1137,30,168,40,6,43,3245,12.8,12870,38,57,77.5,2,N,N,0.00
9-Dec-16,Friday,7.7,188,0,120,34,0,46,2314,8.7,10361,0,57,79,3,N,N,0.01
8-Dec-16,Thursday,7.8,297,12,122,40,0,52,2245,6.8,8151,0,56,78.4,1,N,N,8.36
7-Dec-16,Wednesday,8.6,1177,27,172,41,15,49,3296,17.2,17366,38,56,78.4,2,N,N,0.19
6-Dec-16,Tuesday,7.3,258,13,119,40,0,47,2377,8.5,10248,0,56,78.4,0,N,N,0.00
5-Dec-16,Monday,9.9,1422,44,178,44,9,47,3520,14.4,13239,55,56,76.7,0,N,N,0.00
4-Dec-16,Sunday,8.1,703,7,138,44,0,48,2813,11.7,13093,0,56,79.2,3,N,N,0.22
3-Dec-16,Saturday,8.2,1207,21,138,40,54,48,3317,16.6,18799,19,56,77.7,0,N,N,0.02
2-Dec-16,Friday,10,253,21,123,42,0,46,2363,5.1,5957,0,56,77.7,1,N,N,0.60
1-Dec-16,Thursday,9.9,298,13,122,37,0,43,2408,8.7,10472,0,56,77.7,0,N,N,0.00
30-Nov-16,Wednesday,9,848,43,167,40,4,46,2950,13.6,12269,56,56,76.9,0,N,N,0.08
29-Nov-16,Tuesday,9.4,372,6,135,37,0,39,2470,8.5,9819,0,56,76.7,0,N,N,0.00
28-Nov-16,Monday,7.8,1193,39,178,44,7,49,3291,16.6,15901,47,56,76.7,0,N,N,0.00
27-Nov-16,Sunday,8.6,422,27,137,37,5,50,2527,12.2,13196,13,56,77.3,3,N,N,0.68
26-Nov-16,Saturday,8,957,16,142,40,8,41,3062,15.3,16963,25,56,77.3,4,N,N,0.00
25-Nov-16,Friday,10.2,819,46,148,40,11,43,2924,10.8,11946,16,56,77.3,3,N,N,0.00
24-Nov-16,Thursday,8.3,944,37,168,39,5,41,3049,15,14753,47,56,77.3,0,N,N,0.00
23-Nov-16,Wednesday,8.4,1037,47,134,38,5,41,3148,20.3,24044,7,56,77.8,0,N,N,0.00
22-Nov-16,Tuesday,8.4,1139,44,168,37,11,41,3250,17.6,16995,49,55,77.8,0,N,N,0.00
21-Nov-16,Monday,7.9,459,37,117,43,26,43,2576,9.9,13170,0,55,78.3,0,N,N,0.00
20-Nov-16,Sunday,9.2,254,20,127,41,0,49,2356,6.4,7681,0,55,77,3,N,N,1.55
19-Nov-16,Saturday,8.3,1493,60,163,45,212,49,3595,18,15804,41,55,77,0,N,N,0.01
18-Nov-16,Friday,8.6,680,32,156,42,22,43,2782,11.2,11300,25,55,77,0,N,N,0.01
17-Nov-16,Thursday,8,570,27,131,39,0,44,2679,9.5,11249,0,56,77.6,1,N,N,0.00
16-Nov-16,Wednesday,11.4,509,14,125,42,10,44,2615,3.9,4685,0,56,77.4,0,N,N,0.33
15-Nov-16,Tuesday,9.4,100,0,116,37,0,45,2215,3.3,3808,0,56,78,0,N,N,0.00
14-Nov-16,Monday,10,145,17,116,44,0,48,2265,3.5,4235,0,56,78.5,0,N,N,0.02
13-Nov-16,Sunday,10,286,6,115,42,0,51,2418,8.9,10633,0,56,79.5,2,N,N,18.56
12-Nov-16,Saturday,7.2,3636,319,169,40,6,46,5768,50.3,52939,314,56,79.5,5,N,N,0.00
11-Nov-16,Friday,7.6,314,6,118,32,0,45,2446,7.7,9206,0,56,79.5,2,N,N,0.01
10-Nov-16,Thursday,7,237,5,118,42,0,50,2359,5.4,6477,0,57,78.7,0,N,N,2.93
9-Nov-16,Wednesday,8.3,1065,45,164,42,5,44,3187,18,17205,57,57,78.7,4,N,N,0.00
8-Nov-16,Tuesday,8.1,374,12,132,41,0,47,2496,6.2,7407,0,57,78.7,1,N,N,0.01
7-Nov-16,Monday,10.2,1158,31,157,45,6,48,3280,18.6,17270,62,58,78.7,2,N,N,0.00
6-Nov-16,Sunday,10.5,1800,28,165,41,10,45,3922,28.7,31614,29,58,78.7,3,N,N,0.00
5-Nov-16,Saturday,9.6,1737,33,180,44,13,46,3859,25.6,26519,59,56,78.7,3,N,N,0.00
4-Nov-16,Friday,12,752,30,131,34,0,42,2874,19.7,23606,0,55,78.7,8,N,N,0.00
3-Nov-16,Thursday,9.7,335,4,132,37,0,44,2457,8.3,9928,0,55,78.7,0,N,N,0.01
2-Nov-16,Wednesday,10.7,255,2,117,37,0,47,2377,10.1,12070,0,55,78.7,3,N,N,0.17
1-Nov-16,Tuesday,9,341,1,140,42,0,42,2463,7.3,8718,0,55,78.7,2,N,N,0.00
31-Oct-16,Monday,10.3,157,8,114,35,0,46,2279,6.8,8117,0,55,78.7,1,N,N,0.00
30-Oct-16,Sunday,7.8,3047,79,171,41,22,46,5160,50.3,44696,219,55,77.9,4,N,N,0.00
29-Oct-16,Saturday,9,630,43,137,37,3,42,2768,16.2,18195,11,55,79.9,2,N,N,0.00
28-Oct-16,Friday,9.7,489,15,149,39,0,45,2608,10.7,12282,12,54,79.7,1,N,N,0.06
27-Oct-16,Thursday,8.2,697,23,139,35,0,44,2816,11.8,14102,0,54,78.4,1,N,N,0.00
26-Oct-16,Wednesday,6.9,1531,74,158,43,12,44,3667,19,21381,83,54,79.8,0,N,N,0.00
25-Oct-16,Tuesday,9,1025,17,144,42,19,42,3144,8.6,10250,35,54,78.4,3,N,N,0.00
24-Oct-16,Monday,8,55,0,138,47,0,59,2183,0.4,471,0,55,79.2,0,Y,N,39.61
23-Oct-16,Sunday,7.1,784,9,155,42,30,44,2905,13,13497,42,55,78.5,0,N,N,0.00
22-Oct-16,Saturday,11.6,1341,16,170,38,7,44,3467,18,14999,69,55,78.9,1,N,N,0.00
21-Oct-16,Friday,8.6,659,9,131,42,0,44,2780,9.7,11252,0,55,78.6,3,N,N,0.01
20-Oct-16,Thursday,8.9,1372,68,167,43,16,45,3493,15.8,15446,71,54,78.6,1,N,N,0.00
19-Oct-16,Wednesday,11.4,1680,73,159,39,4,45,3785,21.4,19084,98,54,77.3,0,N,N,0.01
18-Oct-16,Tuesday,8,1539,89,165,42,7,45,3151,22,18282,92,54,78.6,0,N,N,0.00
17-Oct-16,Monday,10.3,3749,90,165,42,7,43,5364,62.2,18282,92,54,78.2,0,N,N,0.00
16-Oct-16,Sunday,8.2,0,12,90,41,0,42,1910,3.65,4602,0,54,78.9,2,N,N,0.00
15-Oct-16,Saturday,7.3,2227,72,184,39,44,44,4066,41.08,32472,24,54,78.9,3,N,N,0.00
14-Oct-16,Friday,7.7,466,56,182,37,10,42,2382,9.03,8740,22,54,78.9,1,N,N,0.00
13-Oct-16,Thursday,7.2,676,17,154,38,25,38,2552,13.03,17188,16,54,78.9,0,N,N,0.00
12-Oct-16,Wednesday,6.7,4781,68,192,38,175,40,6014,27.16,30918,75,54,78.9,0,N,N,0.00
11-Oct-16,Tuesday,7.0,643,42,177,38,19,39,2647,19.93,21522,25,54,79.7,0,N,N,0.00
10-Oct-16,Monday,7.6,915,78,184,40,31,41,2786,14.43,12878,31,54,79.0,0,N,N,0.00
9-Oct-16,Sunday,7.4,0,24,101,39,0,42,2058,10.40,12664,0,54,79.0,2,N,N,0.00
8-Oct-16,Saturday,11.9,569,65,185,41,21,44,2584,16.62,19026,19,54,79.0,3,N,N,0.00
7-Oct-16,Friday,7.0,513,24,183,38,20,44,2453,10.52,10032,13,54,79.7,2,N,N,0.00
6-Oct-16,Thursday,7.0,511,6,181,40,24,43,2446,8.86,7802,11,54,79.7,0,N,N,0.00
5-Oct-16,Wednesday,6.4,755,25,180,40,23,43,2435,16.44,15750,29,54,79.5,0,N,N,0.00
4-Oct-16,Tuesday,7.2,583,55,186,41,18,44,2533,17.86,18768,22,54,79.5,1,N,N,0.00
3-Oct-16,Monday,6.8,726,87,183,38,15,40,2943,27.54,28232,6,54,79.5,1,N,N,0.00
2-Oct-16,Sunday,8.6,558,75,181,40,30,42,2519,16.10,17298,10,54,79.0,2,N,N,0.00
1-Oct-16,Saturday,8.5,268,11,144,41,0,43,2272,10.84,13870,0,54,80.5,4,N,N,0.00
30-Sep-16,Friday,7.3,575,17,191,42,21,45,2489,10.06,9070,16,54,78.4,4,N,N,0.00
29-Sep-16,Thursday,7.4,374,69,143,39,0,48,2306,8.61,11038,0,54,78.4,0,N,N,0.22
28-Sep-16,Wednesday,7.4,917,68,184,36,25,41,2852,16.60,16468,21,54,79.2,1,N,N,0.00
27-Sep-16,Tuesday,7.9,215,1,163,37,7,38,2102,4.51,3910,11,54,78.7,0,N,N,0.00
26-Sep-16,Monday,7.0,114,4,158,37,3,40,2138,3.93,3804,6,54,78.7,0,N,N,0.00
25-Sep-16,Sunday,8.2,0,32,93,43,0,39,1983,9.12,11762,0,54,78.7,0,N,N,0.00
24-Sep-16,Saturday,6.4,0,30,95,38,0,46,2062,9.10,11394,0,54,79.0,4,N,N,0.00
23-Sep-16,Friday,6.4,0,12,91,39,0,40,1996,8.99,11630,0,54,78.7,2,N,N,0.00
22-Sep-16,Thursday,6.9,592,72,176,47,22,43,2536,10.63,9920,23,54,78.7,0,N,N,0.00
21-Sep-16,Wednesday,7.6,604,74,188,36,7,39,2576,13.86,14488,10,54,79.0,0,N,N,0.00
20-Sep-16,Tuesday,7.7,0,6,94,38,0,40,1878,4.03,5230,0,54,79.4,0,N,N,0.00
19-Sep-16,Monday,11.0,812,64,185,37,27,41,2684,15.82,16000,24,54,78.6,0,N,N,0.00
18-Sep-16,Sunday,6.2,0,28,126,37,0,40,2006,8.34,10240,0,54,79.7,1,N,N,0.00
17-Sep-16,Saturday,6.1,0,9,84,39,0,39,1942,5.77,7458,0,54,79.7,2,N,N,0.00
16-Sep-16,Friday,7.2,351,10,189,41,8,43,2432,14.28,15602,14,54,78.7,2,N,N,0.00
15-Sep-16,Thursday,6.2,256,4,191,40,0,43,2207,6.82,6768,5,54,78.7,0,N,N,0.00
14-Sep-16,Wednesday,6.0,409,3,185,38,3,40,2407,12.20,11912,8,54,78.7,0,N,N,0.00
13-Sep-16,Tuesday,6.2,0,5,167,44,0,47,2493,10.33,10722,0,54,78.7,0,N,N,0.00
12-Sep-16,Monday,7.4,420,13,87,36,19,39,2055,11.08,14326,12,54,78.7,0,N,N,0.00
11-Sep-16,Sunday,7.6,1875,101,183,46,14,43,3630,30.44,29232,17,54,78.7,1,N,N,0.00
10-Sep-16,Saturday,7.8,425,53,150,41,0,43,2324,13.81,16876,0,54,78.4,5,N,N,0.00
9-Sep-16,Friday,7.2,533,65,152,38,9,43,2390,9.68,9644,33,54,78.7,3,N,N,0.00
8-Sep-16,Thursday,7.2,844,90,184,37,23,40,2729,15.29,14936,31,54,80.0,0,N,N,0.00
7-Sep-16,Wednesday,7.6,0,9,91,40,0,40,1911,5.30,6604,0,54,80.0,0,N,N,0.00
6-Sep-16,Tuesday,7.7,0,14,102,39,0,42,1946,7.28,8370,0,54,80.0,0,N,N,0.00
5-Sep-16,Monday,8.1,443,33,142,41,7,41,2355,12.53,13458,29,54,79.0,0,N,N,0.00
4-Sep-16,Sunday,7.9,1941,90,182,43,86,44,3790,30.21,28568,32,54,78.3,5,N,N,0.00
3-Sep-16,Saturday,7.6,186,12,164,42,9,45,2289,12.12,9972,6,54,78.3,3,N,N,0.00
2-Sep-16,Friday,7.3,525,63,167,42,20,44,2545,16.21,17888,20,54,78.3,4,N,N,0.00
1-Sep-16,Thursday,8.1,470,146,168,44,10,45,2670,15.92,15722,10,54,80.4,1,N,N,0.01
31-Aug-16,Wednesday,7.9,188,84,154,42,1,46,2393,14.06,14950,1,54,79.5,0,N,N,0.15
30-Aug-16,Tuesday,7.7,0,66,120,41,0,44,2192,9.93,12702,0,54,79.5,1,N,N,0.00
29-Aug-16,Monday,8.4,0,49,141,40,0,45,2118,10.08,12966,0,54,79.5,0,N,N,0.00
28-Aug-16,Sunday,12.8,0,42,105,39,0,43,1999,7.30,8972,0,54,79.5,1,N,N,0.09
27-Aug-16,Saturday,7.8,0,15,101,37,0,41,2043,7.18,8916,0,54,80.3,5,N,N,0.00
26-Aug-16,Friday,6.3,0,19,142,39,0,39,2049,5.13,6386,0,54,80.3,1,N,N,0.00
25-Aug-16,Thursday,6.3,0,4,87,41,0,43,1912,3.40,4382,0,54,79.6,2,N,N,0.00
24-Aug-16,Wednesday,6.6,373,10,184,41,5,44,2453,13.58,14270,22,54,79.6,3,N,N,0.00
23-Aug-16,Tuesday,10.9,778,11,184,42,26,44,2729,16.19,16716,25,54,79.6,0,N,N,0.00
22-Aug-16,Monday,6.5,0,9,92,36,0,39,1959,4.82,6336,0,54,79.6,1,N,N,0.00
21-Aug-16,Sunday,6.6,0,21,122,42,0,42,2072,9.17,11660,0,54,79.6,0,N,N,0.00
20-Aug-16,Saturday,7.2,609,70,155,41,32,41,2532,14.41,17110,18,54,78.2,0,N,N,0.00
19-Aug-16,Friday,7.3,0,76,92,40,0,43,1965,4.35,5262,0,54,79.6,2,N,N,0.00
18-Aug-16,Thursday,7.1,644,63,173,39,22,42,2596,16.22,17024,27,54,79.6,0,N,N,0.00
17-Aug-16,Wednesday,7.8,0,11,97,38,0,40,2004,7.74,9634,0,54,79.6,1,N,N,0.00
16-Aug-16,Tuesday,5.9,0,23,101,39,0,40,1996,8.73,10262,0,54,79.3,0,N,N,0.00
15-Aug-16,Monday,7.0,458,20,157,38,18,41,2322,17.28,18746,17,54,78.8,0,N,N,0.00
14-Aug-16,Sunday,7.9,0,40,95,41,0,43,2050,15.13,18078,0,54,78.8,6,N,N,0.00
13-Aug-16,Saturday,7.6,0,69,99,42,0,42,2112,18.66,21236,0,54,78.3,5,N,N,0.00
12-Aug-16,Friday,7.2,564,65,161,36,8,43,2515,18.75,20486,34,54,78.5,7,N,N,0.00
11-Aug-16,Thursday,6.3,0,29,107,37,0,38,1931,7.93,8800,0,54,79.4,0,N,N,0.00
10-Aug-16,Wednesday,7.7,0,39,165,35,0,40,2176,17.60,21261,0,54,78.6,1,N,N,0.00
9-Aug-16,Tuesday,8.1,899,77,178,37,24,43,2736,16.89,17162,42,54,78.6,1,N,N,0.00
8-Aug-16,Monday,7.8,631,79,152,39,12,38,2663,22.13,25178,37,54,78.8,0,N,N,0.00
7-Aug-16,Sunday,7.2,324,23,162,40,7,41,2231,9.23,10120,15,54,79.5,6,N,N,0.00
6-Aug-16,Saturday,7.1,0,4,113,40,0,42,1916,3.80,4592,0,54,79.5,2,N,N,0.00
5-Aug-16,Friday,7.5,438,37,165,40,11,44,2360,11.90,11512,20,54,79.7,2,N,N,0.00
4-Aug-16,Thursday,7.7,704,63,177,40,31,42,2532,10.34,9544,18,54,79.2,0,N,N,0.00
3-Aug-16,Wednesday,7.0,1108,61,188,40,22,42,2992,18.78,17276,47,54,79.2,0,N,N,0.00
2-Aug-16,Tuesday,5.2,0,4,87,45,0,44,1852,2.28,2694,0,54,80.8,0,N,N,0.00
1-Aug-16,Monday,5.7,1748,72,188,38,10,49,3674,29.40,28468,15,54,78.4,0,N,N,0.00
31-Jul-16,Sunday,5.8,0,12,88,40,0,42,2008,7.08,8672,0,54,78.4,7,N,N,0.00
30-Jul-16,Saturday,6.4,0,5,96,41,0,44,2063,6.74,8066,0,54,78.4,0,N,N,0.00
29-Jul-16,Friday,5.6,0,10,96,42,0,44,1991,5.68,7010,0,54,78.4,1,N,N,0.01
28-Jul-16,Thursday,6.6,1205,41,188,42,4,43,3322,26.71,27434,2,54,78.4,3,N,N,0.00
27-Jul-16,Wednesday,6.4,0,12,102,42,0,48,1992,6.10,7596,0,54,78.4,9,N,N,0.00
26-Jul-16,Tuesday,5.7,0,27,92,40,0,45,2032,10.22,12698,0,54,78.4,0,N,N,0.00
25-Jul-16,Monday,6.4,0,6,109,42,0,42,1950,5.65,6882,0,54,78.4,4,N,N,0.00
24-Jul-16,Sunday,5.7,611,52,184,39,29,48,2623,10.94,11338,19,54,78.4,2,N,N,0.03
23-Jul-16,Saturday,5.0,0,15,97,37,0,40,1988,7.82,9446,0,54,78.4,4,N,N,0.00
22-Jul-16,Friday,4.7,0,6,121,46,0,48,2198,15.26,17798,0,54,78.4,0,N,N,0.26
21-Jul-16,Thursday,8.0,363,11,188,48,1,50,2486,15.43,16542,20,54,78.4,9,N,N,0.00
20-Jul-16,Wednesday,6.6,0,3,87,42,0,48,2011,8.13,10126,0,54,78.4,0,N,N,1.00
19-Jul-16,Tuesday,5.3,0,6,178,41,0,43,2621,17.08,18484,0,54,78.4,3,N,N,0.00
18-Jul-16,Monday,7.5,554,4,148,40,32,42,2152,7.92,9888,4,54,78.4,7,N,N,0.00
17-Jul-16,Sunday,7.5,1134,68,184,43,46,45,3032,19.21,18858,36,54,78.4,9,N,N,0.00
16-Jul-16,Saturday,7.4,47,15,154,44,0,45,2124,9.14,8684,0,54,79.7,2,N,N,0.00
15-Jul-16,Friday,7.8,0,8,122,47,0,48,1922,2.74,3420,0,54,78.6,2,N,N,1.35
14-Jul-16,Thursday,7.4,1140,76,190,44,2,47,3173,21.56,19022,36,54,78.6,5,N,N,0.00
13-Jul-16,Wednesday,7.0,433,58,186,43,16,46,2413,10.99,11656,11,54,78.6,2,N,N,0.02
12-Jul-16,Tuesday,8.3,0,17,123,45,0,45,1995,7.72,9608,0,54,78.6,4,N,N,0.00
11-Jul-16,Monday,8.7,0,66,115,43,0,45,1978,9.38,11734,0,54,78.6,2,N,N,0.00
10-Jul-16,Sunday,7.6,0,8,83,37,0,45,1857,2.55,3134,0,54,78.6,2,N,N,0.03
9-Jul-16,Saturday,7.0,0,5,107,39,0,43,1916,4.30,5250,0,54,78.1,1,N,N,0.00
8-Jul-16,Friday,7.6,0,14,92,37,0,41,1916,5.59,6598,0,54,80.3,1,N,N,0.00
7-Jul-16,Thursday,7.0,924,78,182,39,43,38,2781,17.72,16306,17,54,80.3,1,N,N,0.00
6-Jul-16,Wednesday,6.8,255,22,180,39,6,41,2158,6.51,7187,10,54,80.3,0,N,N,0.00
5-Jul-16,Tuesday,8.7,809,65,184,39,12,40,2765,16.91,16944,37,54,80.3,0,N,N,0.00
4-Jul-16,Monday,6.6,108,8,165,41,1,40,2132,5.36,6392,2,54,80.3,0,N,N,0.00
3-Jul-16,Sunday,7.0,326,0,177,50,7,60,2083,11.51,11754,10,54,80.3,0,Y,Y,99.54
2-Jul-16,Saturday,9.2,0,0,97,54,0,64,1686,2.39,2582,0,54,80.3,2,Y,Y,99.93
1-Jul-16,Friday,7.4,325,0,187,42,8,52,2362,12.42,12352,12,54,80.3,2,N,N,5.39
30-Jun-16,Thursday,6.9,437,0,178,41,18,44,2374,9.29,7046,7,54,80.3,0,N,N,0.00
29-Jun-16,Wednesday,7.3,784,0,178,40,44,44,2720,15.57,14874,8,54,77.9,1,N,N,0.00
28-Jun-16,Tuesday,7.5,304,0,179,41,10,43,2408,7.61,7514,9,54,77.7,0,N,N,0.00
27-Jun-16,Monday,6.1,749,38,183,41,27,43,2718,13.91,13032,18,54,80.4,0,N,N,0.00
26-Jun-16,Sunday,7.3,137,20,172,44,2,43,2184,9.23,10742,7,54,78.7,4,N,N,0.00
25-Jun-16,Saturday,7.4,238,12,142,45,0,47,2153,6.48,8352,1,54,78.7,4,N,N,0.01
24-Jun-16,Friday,7.5,62,7,180,39,0,48,2104,5.17,5436,4,54,77.7,1,N,N,0.75
23-Jun-16,Thursday,7.4,0,8,93,39,0,41,1954,3.47,4163,0,54,77.7,0,N,N,0.00
22-Jun-16,Wednesday,7.2,0,2,116,39,0,42,1928,1.50,1796,0,54,79.8,0,N,N,0.01
21-Jun-16,Tuesday,7.7,0,9,102,39,0,41,1923,2.67,3232,0,54,78.1,0,N,N,0.00
20-Jun-16,Monday,7.5,0,12,112,38,0,41,1995,3.90,4692,0,54,78.0,0,N,N,0.00
19-Jun-16,Sunday,7.6,0,10,98,42,0,40,2056,9.23,10868,0,54,77.6,2,N,N,0.00
18-Jun-16,Saturday,8.9,0,5,138,38,0,46,2042,5.79,6916,0,54,77.0,16,N,N,0.00
17-Jun-16,Friday,8.0,0,6,105,42,0,40,1946,4.08,5056,0,54,76.0,0,N,N,0.00
16-Jun-16,Thursday,8.5,0,10,140,42,0,43,2077,7.87,9735,0,54,76.0,2,N,N,0.00
15-Jun-16,Wednesday,7.3,857,80,189,42,24,44,2913,18.57,17818,28,54,76.0,0,N,N,0.00
14-Jun-16,Tuesday,7.3,0,19,103,40,0,45,1969,3.13,3931,0,54,76.0,4,N,N,0.00
13-Jun-16,Monday,7.0,835,72,190,39,13,42,2738,16.76,14561,40,54,76.7,0,N,N,0.00
12-Jun-16,Sunday,7.8,449,38,178,42,13,41,2390,11.33,10989,15,54,77.9,2,N,N,0.00
11-Jun-16,Saturday,9.7,1139,56,184,37,38,45,3059,18.19,16402,32,54,77.9,3,N,N,0.00
10-Jun-16,Friday,9.1,0,22,102,43,0,39,2084,8.43,11277,0,54,77.9,2,N,N,0.00
9-Jun-16,Thursday,5.8,230,26,182,39,7,45,2216,7.77,9364,6,54,77.9,0,N,N,0.00
8-Jun-16,Wednesday,8.2,612,43,180,39,16,43,2656,11.51,9856,22,54,77.9,0,N,N,0.00
7-Jun-16,Tuesday,7.3,739,96,181,40,38,41,2784,18.25,18344,10,54,77.9,1,N,N,0.00
6-Jun-16,Monday,7.6,1224,192,189,40,10,43,3052,20.28,23277,18,54,77.9,2,N,N,0.00
5-Jun-16,Sunday,9.2,341,74,153,38,1,42,2288,11.45,13385,18,54,77.5,2,N,N,0.00
4-Jun-16,Saturday,7.8,390,53,183,37,5,41,2362,13.40,13079,8,54,80.8,6,N,N,0.00
3-Jun-16,Friday,8.1,0,20,89,44,0,41,2034,4.55,5878,0,54,80.8,3,N,N,0.00
2-Jun-16,Thursday,5.8,0,31,181,46,0,48,2137,8.55,10098,0,54,80.8,2,N,N,0.07
1-Jun-16,Wednesday,5.7,866,92,188,44,12,47,2946,20.35,21188,36,54,80.8,2,N,N,0.01
31-May-16,Tuesday,5.2,162,42,165,41,1,46,2139,8.48,7966,8,54,80.8,2,N,N,0.00
30-May-16,Monday,7.7,539,95,178,39,19,43,2524,8.12,10676,13,54,78.2,1,N,N,0.00
29-May-16,Sunday,7.0,0,33,96,40,0,41,1929,7.07,9038,0,54,77.1,0,N,N,0.00
28-May-16,Saturday,7.8,228,74,141,38,0,42,2079,9.21,11663,0,54,77.1,1,N,N,0.00
27-May-16,Friday,7.2,0,29,97,39,0,39,1932,5.17,6272,0,54,77.1,2,N,N,0.00
26-May-16,Thursday,6.9,217,65,186,36,3,40,2258,10.01,10917,11,54,77.3,2,N,N,0.00
25-May-16,Wednesday,7.4,417,47,180,38,19,38,2328,10.29,10123,8,54,78.6,0,N,N,0.00
24-May-16,Tuesday,7.1,103,25,141,38,0,40,2010,5.41,4598,1,54,77.0,0,N,N,0.00
23-May-16,Monday,7.5,0,15,103,39,0,40,1901,2.75,3344,0,54,75.1,0,N,N,0.00
22-May-16,Sunday,6.6,2542,269,184,36,88,42,4305,32.79,31624,76,54,79.1,1,N,N,0.00
21-May-16,Saturday,7.6,0,37,101,42,0,39,1970,7.93,9200,0,54,79.1,2,N,N,0.00
20-May-16,Friday,5.5,0,34,108,38,0,44,1974,4.87,5475,0,54,78.2,0,N,N,0.01
19-May-16,Thursday,7.8,506,59,181,41,9,40,2404,10.88,9401,17,54,78.2,0,N,N,0.00
18-May-16,Wednesday,7.6,827,64,183,38,35,43,2706,14.65,12873,21,54,78.2,0,N,N,0.00
17-May-16,Tuesday,8.0,112,44,174,38,3,40,2138,5.92,6738,2,54,78.2,0,N,N,0.00
16-May-16,Monday,8.1,928,82,186,40,19,41,2781,17.64,15528,35,54,79.4,0,N,N,0.00
15-May-16,Sunday,7.7,511,63,186,44,10,43,2385,14.76,14690,23,54,76.8,2,N,N,0.00
14-May-16,Saturday,6.2,0,35,92,40,0,47,2101,7.49,9219,0,54,76.0,7,N,N,0.00
13-May-16,Friday,6.9,654,100,190,38,22,41,2640,17.66,17137,22,54,76.3,2,N,N,0.00
12-May-16,Thursday,8.6,751,76,185,38,37,39,2615,12.45,11650,14,54,78.0,0,N,N,0.00
11-May-16,Wednesday,7.6,204,20,164,39,1,39,2112,7.12,6416,7,54,76.7,0,N,N,0.00
10-May-16,Tuesday,6.5,586,37,180,38,27,42,2645,12.51,11720,11,54,77.7,0,N,N,0.00
9-May-16,Monday,7.2,862,76,185,40,19,41,2717,14.91,12468,40,54,79.6,0,N,N,0.00
8-May-16,Sunday,7.2,261,33,177,38,4,42,2197,9.88,11612,12,54,78.7,0,N,N,0.00
7-May-16,Saturday,7.9,432,44,182,43,15,40,2348,15.75,13074,9,54,77.9,0,N,N,0.00
6-May-16,Friday,6.7,331,65,171,41,2,49,2336,18.32,20123,6,54,79.3,9,N,N,0.00
5-May-16,Thursday,7.1,443,50,153,38,1,44,2394,13.45,14100,33,54,77.7,2,N,N,0.00
4-May-16,Wednesday,8.2,1027,83,187,38,16,39,2882,18.89,17236,39,54,77.7,0,N,N,0.00
3-May-16,Tuesday,7.8,624,52,184,38,6,39,2568,14.24,14435,21,54,77.7,0,N,N,0.00
2-May-16,Monday,6.7,164,43,182,39,0,39,2031,9.36,9545,7,54,80.3,0,N,N,0.00
1-May-16,Sunday,8.0,0,25,120,41,0,42,1864,3.58,4567,0,54,77.1,3,N,N,0.00
30-Apr-16,Saturday,7.9,4359,589,189,37,132,45,5998,47.43,48096,118,54,77.1,2,N,N,0.00
29-Apr-16,Friday,7.9,437,33,183,36,9,39,2431,9.27,9281,15,54,77.3,1,N,N,0.00
28-Apr-16,Thursday,6.7,32,27,111,39,0,37,1979,5.09,6604,0,54,78.2,0,N,N,0.00
27-Apr-16,Wednesday,7.6,0,20,95,37,0,40,1941,3.86,4993,0,54,76.4,0,N,N,0.00
26-Apr-16,Tuesday,8.4,185,49,183,40,2,39,2126,7.37,8762,9,54,78.2,0,N,N,0.00
25-Apr-16,Monday,7.6,572,14,180,40,6,42,2490,16.39,15707,19,54,77.6,0,N,N,0.00
24-Apr-16,Sunday,7.2,283,12,176,40,2,44,2336,12.39,14000,10,54,77.6,1,N,N,0.01
23-Apr-16,Saturday,7.8,2010,32,187,41,58,45,3926,30.47,27012,66,54,77.6,4,N,N,0.00
22-Apr-16,Friday,6.8,717,80,181,40,20,43,2599,13.36,12468,30,54,77.8,2,N,N,0.00
21-Apr-16,Thursday,6.5,295,35,175,39,11,42,2260,9.57,9291,10,54,78.0,0,N,N,0.00
20-Apr-16,Wednesday,7.6,0,12,91,37,0,40,1950,4.12,5052,0,54,77.6,1,N,N,0.00
19-Apr-16,Tuesday,6.8,728,85,176,39,26,40,2644,14.97,14794,24,54,79.0,0,N,N,0.00
18-Apr-16,Monday,7.7,583,83,176,41,17,42,2548,17.86,19030,15,54,79.0,7,N,N,0.00
17-Apr-16,Sunday,7.4,922,84,182,39,17,44,2801,17.56,15854,28,54,80.0,8,N,N,0.00
16-Apr-16,Saturday,7.2,380,43,174,44,4,42,2336,13.81,14993,14,54,77.6,12,N,N,0.00
15-Apr-16,Friday,8.0,724,90,183,37,32,46,2605,16.59,15847,17,54,78.8,3,N,N,0.00
14-Apr-16,Thursday,7.6,0,29,150,40,0,39,2112,7.26,8538,0,54,78.8,1,N,N,0.00
13-Apr-16,Wednesday,7.2,0,39,94,37,0,42,1931,7.90,8850,0,54,78.3,2,N,N,0.00
12-Apr-16,Tuesday,7.3,767,59,178,39,15,38,2612,14.40,12570,27,54,78.1,0,N,N,0.00
11-Apr-16,Monday,7.6,779,53,178,38,10,41,2636,14.29,15102,34,54,76.4,0,N,N,0.00
10-Apr-16,Sunday,7.4,1078,73,184,40,35,43,2981,23.56,24095,33,54,76.9,2,N,N,0.00
9-Apr-16,Saturday,7.9,1089,96,184,39,40,42,3099,27.06,27584,31,54,76.9,4,N,N,0.00
8-Apr-16,Friday,7.4,737,86,182,39,21,42,2649,14.63,14050,30,54,77.5,2,N,N,0.00
7-Apr-16,Thursday,7.9,342,57,186,35,11,42,2347,7.25,6976,11,54,77.1,0,N,N,0.00
6-Apr-16,Wednesday,8.0,709,61,183,37,22,40,2622,15.94,14220,22,54,78.1,0,N,N,0.00
5-Apr-16,Tuesday,7.7,0,18,107,42,0,41,1911,5.41,6088,0,54,76.9,2,N,N,0.00
4-Apr-16,Monday,7.2,736,63,181,35,34,44,2877,14.69,13822,16,54,77.5,6,N,N,0.00
3-Apr-16,Sunday,7.3,0,27,129,39,0,37,1978,8.14,9244,0,54,76.6,3,N,N,0.00
2-Apr-16,Saturday,11.0,0,0,73,51,0,54,1750,0.11,102,0,54,78.2,0,Y,Y,93.18
1-Apr-16,Friday,7.1,817,36,186,39,0,41,2817,19.39,18860,0,54,76.3,3,N,N,0.00
31-Mar-16,Thursday,5.6,0,39,98,39,0,41,1971,8.82,9361,0,54,76.3,0,N,N,0.00
30-Mar-16,Wednesday,6.2,0,28,97,39,0,42,1990,7.40,8170,0,54,78.6,0,N,N,0.00
29-Mar-16,Tuesday,7.0,763,77,186,39,5,42,2669,15.88,15461,32,54,77.7,2,N,N,0.00
28-Mar-16,Monday,8.5,615,30,175,40,4,42,2833,18.04,15637,11,54,77.7,1,N,N,0.00
27-Mar-16,Sunday,7.8,277,24,182,40,7,42,2380,12.08,13278,9,54,77.7,2,N,N,0.00
26-Mar-16,Saturday,7.9,265,33,171,39,6,44,2745,14.25,14006,6,54,77.7,1,N,N,0.00
25-Mar-16,Friday,7.2,235,21,174,43,0,45,2303,10.23,11209,0,54,78.4,3,N,N,0.01
24-Mar-16,Thursday,7.3,0,34,175,41,0,44,2222,8.26,10115,0,54,77.6,3,N,N,0.00
23-Mar-16,Wednesday,6.4,0,19,96,42,45,45,1983,4.76,5922,7,54,77.2,0,N,N,0.03
22-Mar-16,Tuesday,5.9,783,82,178,41,32,45,2784,16.27,16210,12,54,76.3,0,N,N,0.00
21-Mar-16,Monday,7.7,752,87,190,42,11,43,2748,19.73,19414,34,54,77.4,0,N,N,0.00
20-Mar-16,Sunday,6.8,0,26,115,43,0,43,2049,20.78,11675,0,54,77.8,0,N,N,0.00
19-Mar-16,Saturday,6.6,837,27,173,44,7,46,2938,39.91,8238,31,54,77.8,0,N,N,0.00
18-Mar-16,Friday,7.9,804,32,167,41,4,53,2806,26.20,9804,34,54,77.8,0,N,N,15.87
17-Mar-16,Thursday,6.8,0,18,94,39,0,43,1981,4.14,4907,0,54,77.8,6,N,N,0.00
16-Mar-16,Wednesday,7.5,870,72,188,39,16,40,2834,18.02,18440,28,54,77.8,3,N,N,0.00
15-Mar-16,Tuesday,7.7,646,52,176,39,8,42,2569,18.28,19974,21,54,77.8,5,N,N,0.00
14-Mar-16,Monday,9.0,0,37,98,43,0,42,2072,6.41,8305,0,54,77.8,4,N,N,0.00
13-Mar-16,Sunday,8.4,436,37,191,40,12,50,2431,15.96,17013,17,54,77.8,6,N,N,0.06
12-Mar-16,Saturday,7.8,1017,145,192,40,10,44,2940,24.43,13386,39,54,77.8,6,N,N,0.00
11-Mar-16,Friday,9.1,93,67,141,38,0,42,2159,16.41,15165,1,54,77.8,7,N,N,0.00
10-Mar-16,Thursday,9.5,0,11,104,42,0,41,1930,2.63,3320,0,54,77.8,4,N,N,0.00
9-Mar-16,Wednesday,6.9,0,14,100,40,0,50,2069,6.68,8355,0,54,77.8,5,N,N,0.26
8-Mar-16,Tuesday,6.9,304,6,186,36,10,43,2247,8.62,8940,10,54,77.8,0,N,N,0.00
7-Mar-16,Monday,6.4,0,38,171,36,0,39,2230,8.85,9326,0,54,77.8,0,N,N,0.00
6-Mar-16,Sunday,5.2,0,31,98,38,0,43,2008,9.42,10606,0,54,76.8,10,N,N,0.00
5-Mar-16,Saturday,7.6,0,29,102,38,0,41,2121,9.18,11016,0,54,76.8,1,N,N,0.00
4-Mar-16,Friday,7.0,794,51,186,38,36,40,2923,18.67,18349,15,54,80.0,2,N,N,0.00
3-Mar-16,Thursday,7.3,0,46,123,38,0,39,1980,7.58,9611,0,54,77.2,0,N,N,0.00
2-Mar-16,Wednesday,8.5,666,41,173,38,18,39,2645,18.52,17220,29,54,77.4,0,N,N,0.00
1-Mar-16,Tuesday,7.3,203,37,179,39,5,39,2154,8.71,9253,8,54,79.2,0,N,N,0.00
29-Feb-16,Monday,8.2,1117,16,180,39,36,41,3006,17.60,15842,39,54,79.0,0,N,N,0.00
28-Feb-16,Sunday,6.3,539,38,177,37,0,41,2536,12.57,13207,8,54,76.9,4,N,N,0.00
27-Feb-16,Saturday,7.0,764,35,184,37,41,39,2695,16.22,15001,7,54,76.9,1,N,N,0.00
26-Feb-16,Friday,8.0,520,31,178,41,24,38,2557,12.84,12670,11,54,76.9,0,N,N,0.00
25-Feb-16,Thursday,9.4,0,49,88,49,0,59,2160,9.53,12052,0,54,79.0,2,Y,Y,98.17
24-Feb-16,Wednesday,9.2,0,0,90,48,0,55,2363,5.05,6097,0,54,76.6,0,Y,Y,96.60
23-Feb-16,Tuesday,7.1,894,46,181,38,24,48,2875,20.24,15117,33,54,76.9,0,N,N,0.00
22-Feb-16,Monday,6.4,0,50,84,38,0,39,1917,6.83,8126,0,54,78.0,0,N,N,0.00
21-Feb-16,Sunday,7.9,0,43,150,40,0,40,1978,4.66,5147,0,54,76.8,4,N,N,0.00
20-Feb-16,Saturday,7.3,0,62,113,37,0,42,1957,7.05,8674,0,54,78.2,3,N,N,0.00
19-Feb-16,Friday,7.7,316,35,182,39,4,41,2275,7.42,7138,15,54,76.9,1,N,N,0.00
18-Feb-16,Thursday,7.2,543,34,182,40,21,42,2501,10.74,10501,13,54,76.9,1,N,N,0.00
17-Feb-16,Wednesday,6.3,418,38,180,46,16,44,2397,9.58,9455,10,54,76.9,0,N,N,0.01
16-Feb-16,Tuesday,7.3,544,44,179,36,17,53,2591,14.59,14996,22,54,76.9,7,N,N,0.00
15-Feb-16,Monday,5.9,0,55,148,43,0,42,2034,9.18,10309,0,54,76.7,0,N,N,0.00
14-Feb-16,Sunday,8.0,0,41,88,46,0,56,1745,6.75,8061,0,54,76.0,0,Y,Y,96.68
13-Feb-16,Saturday,8.4,0,89,109,49,0,59,2131,11.15,12902,0,54,76.6,1,Y,Y,97.25
12-Feb-16,Friday,8.2,0,46,133,37,0,47,1995,4.56,5459,0,54,76.6,3,N,N,0.11
11-Feb-16,Thursday,7.7,0,41,94,35,0,40,1987,4.24,4938,0,54,77.7,0,N,N,0.00
10-Feb-16,Wednesday,7.9,0,47,128,38,0,37,1935,5.01,5794,0,54,77.0,0,N,N,0.00
9-Feb-16,Tuesday,7.6,372,120,179,39,19,40,2397,15.31,15838,5,54,77.8,0,N,N,0.00
8-Feb-16,Monday,7.3,0,60,90,39,0,42,1970,7.80,9494,0,54,76.0,3,N,N,0.00
7-Feb-16,Sunday,8.6,0,35,96,40,0,40,1976,6.00,7300,0,54,76.0,4,N,N,0.00
6-Feb-16,Saturday,8.0,6721,871,182,43,183,43,8117,80.61,75056,268,54,76.0,5,N,N,0.00
5-Feb-16,Friday,7.4,0,30,91,38,0,48,2004,6.06,7705,0,54,76.5,0,N,N,1.09
4-Feb-16,Thursday,7.3,344,77,176,37,3,41,2268,11.90,13030,22,54,77.2,0,N,N,0.00
3-Feb-16,Wednesday,7.2,0,117,109,36,0,46,2088,11.83,13627,0,54,76.8,0,N,N,0.06
2-Feb-16,Tuesday,7.5,0,92,107,41,0,37,1998,9.18,10661,0,54,76.5,0,N,N,0.00
1-Feb-16,Monday,6.7,2384,245,183,41,107,46,4422,41.59,38523,45,54,79.7,3,N,N,0.00
31-Jan-16,Sunday,6.6,0,62,95,39,0,43,1964,4.99,6224,0,54,77.2,1,N,N,0.00
30-Jan-16,Saturday,7.4,0,123,105,41,0,41,2029,7.88,9686,0,54,77.0,5,N,N,0.00
29-Jan-16,Friday,8.3,748,142,180,39,16,44,2738,17.55,18089,33,54,77.0,2,N,N,0.00
28-Jan-16,Thursday,6.3,2454,346,180,40,72,42,4141,28.10,28212,78,54,77.0,1,N,N,0.00
27-Jan-16,Wednesday,4.6,716,143,175,38,25,42,2734,19.90,20713,25,54,76.4,1,N,N,0.00
26-Jan-16,Tuesday,5.9,541,64,179,41,26,40,2452,14.40,12880,9,54,76.1,0,N,N,0.00
25-Jan-16,Monday,6.5,677,86,163,41,8,44,2540,15.45,12717,44,54,78.0,2,N,N,0.00
24-Jan-16,Sunday,5.6,655,78,161,40,2,43,2497,13.10,12517,11,54,76.7,2,N,N,0.00
23-Jan-16,Saturday,7.2,0,37,95,40,0,42,1932,7.43,8512,0,54,76.7,2,N,N,0.00
22-Jan-16,Friday,6.6,0,14,84,38,0,42,2185,6.94,8366,0,54,76.7,2,N,N,0.00
21-Jan-16,Thursday,7.1,725,125,184,38,30,40,2681,20.81,19377,18,54,79.9,1,N,N,0.00
20-Jan-16,Wednesday,6.1,813,54,184,36,26,40,2763,15.50,14440,28,54,77.5,2,N,N,0.00
19-Jan-16,Tuesday,6.5,0,33,133,37,0,39,2007,4.98,5856,0,54,77.1,0,N,N,0.00
18-Jan-16,Monday,7.3,0,28,87,35,0,38,1965,4.93,6237,0,54,77.9,0,N,N,0.00
17-Jan-16,Sunday,6.6,0,25,105,39,0,40,1935,6.44,7516,0,54,76.9,0,N,N,0.00
16-Jan-16,Saturday,7.4,0,93,97,42,0,42,2004,9.78,11328,0,54,76.9,0,N,N,0.00
15-Jan-16,Friday,6.4,0,19,96,38,0,43,1974,3.84,4797,0,54,77.6,0,N,N,0.01
14-Jan-16,Thursday,7.1,1120,100,184,39,24,42,3190,17.33,18008,45,54,77.8,0,N,N,0.00
13-Jan-16,Wednesday,5.9,821,84,185,39,23,40,2684,19.83,14154,33,54,77.8,0,N,N,0.00
12-Jan-16,Tuesday,6.0,0,22,128,40,0,43,1929,2.59,3220,0,54,77.3,0,N,N,0.00
11-Jan-16,Monday,7.0,730,76,183,39,20,42,2743,12.71,11632,27,54,76.9,2,N,N,0.00
10-Jan-16,Sunday,7.4,0,44,94,40,0,41,1987,6.91,8731,0,54,76.9,2,N,N,0.00
9-Jan-16,Saturday,6.8,0,64,138,46,0,43,2195,7.91,9796,0,54,76.9,8,N,N,0.00
8-Jan-16,Friday,8.1,1506,233,185,39,26,48,3367,21.30,22296,66,54,76.9,1,N,N,0.03
7-Jan-16,Thursday,6.8,383,60,184,41,3,43,2356,12.57,11532,24,54,76.9,2,N,N,0.00
6-Jan-16,Wednesday,6.0,502,24,188,36,3,43,2566,11.06,9166,27,54,76.9,2,N,N,0.00
5-Jan-16,Tuesday,6.9,714,81,188,37,15,38,2769,14.50,14454,32,54,78.7,2,N,N,0.00
4-Jan-16,Monday,7.5,2242,272,199,38,56,44,4051,28.41,26778,91,54,78.2,3,N,N,0.00
3-Jan-16,Sunday,6.2,0,17,132,39,0,41,1906,3.92,4900,0,54,75.6,2,N,N,0.00
2-Jan-16,Saturday,7.6,0,17,94,43,0,41,1850,3.13,3790,0,54,75.6,2,N,N,0.00
1-Jan-16,Friday,6.9,0,17,110,47,0,45,1946,3.23,3970,0,54,75.6,4,N,N,0.02
31-Dec-15,Thursday,6.7,1200,81,183,41,43,52,3048,23.95,22127,31,54,75.6,6,N,N,0.01
30-Dec-15,Wednesday,5.6,0,21,119,42,0,49,2007,10.96,12915,0,54,75.6,4,N,N,0.07
29-Dec-15,Tuesday,5.6,1363,262,180,39,37,45,3247,22.52,22003,54,54,75.6,6,N,N,0.00
28-Dec-15,Monday,7.6,351,144,185,41,18,44,2358,13.34,15386,6,54,75.6,1,N,N,0.00
27-Dec-15,Sunday,7.5,914,4,190,41,23,44,2765,17.85,16169,34,54,75.6,0,N,N,0.00
26-Dec-15,Saturday,7.2,1727,225,184,43,32,44,3503,24.09,20453,87,54,75.6,2,N,N,0.00
25-Dec-15,Friday,5.9,483,37,189,43,9,47,2525,14.34,15309,19,54,75.6,4,N,N,0.01
24-Dec-15,Thursday,7.1,779,19,186,42,31,46,2771,17.44,16168,18,54,75.6,3,N,N,0.00
23-Dec-15,Wednesday,4.9,945,18,184,41,20,45,2804,20.59,18670,45,54,75.6,4,N,N,0.00
22-Dec-15,Tuesday,6.4,724,89,185,39,18,43,2733,19.76,19786,31,54,74.1,2,N,N,0.00
21-Dec-15,Monday,6.1,1160,132,189,39,9,40,3007,20.86,18011,79,54,74.1,0,N,N,0.00
20-Dec-15,Sunday,7.1,1093,65,184,41,32,42,2996,25.08,24216,44,54,75.7,2,N,N,0.00
19-Dec-15,Saturday,7.8,437,69,185,42,18,43,2403,21.32,22905,9,54,76.6,3,N,N,0.00
18-Dec-15,Friday,7.7,560,69,182,40,9,46,2634,16.55,15341,31,54,77.1,4,N,N,0.00
17-Dec-15,Thursday,7.3,655,41,190,38,15,42,2595,14.27,13028,30,54,76.2,0,N,N,0.00
16-Dec-15,Wednesday,7.1,300,59,183,43,9,42,2239,9.14,9446,11,54,75.8,0,N,N,0.00
15-Dec-15,Tuesday,5.8,1035,115,181,41,32,45,3028,19.78,17381,39,54,76.8,3,N,N,0.00
14-Dec-15,Monday,6.7,1027,73,190,36,37,42,2961,24.22,21334,33,54,78.5,0,N,N,0.00
13-Dec-15,Sunday,6.4,0,4,96,41,0,42,1920,5.51,6887,0,54,76.1,3,N,N,0.00
12-Dec-15,Saturday,8.2,700,82,170,39,27,44,2625,17.19,16578,21,54,76.1,2,N,N,0.00
11-Dec-15,Friday,7.9,326,40,185,39,11,43,2279,8.77,8918,10,54,77.1,2,N,N,0.00
10-Dec-15,Thursday,7.7,1429,121,184,48,36,41,3449,21.02,20210,46,54,75.9,0,N,N,0.00
9-Dec-15,Wednesday,4.6,1036,122,190,37,14,53,3087,24.57,22860,51,54,76.0,2,N,N,0.28
8-Dec-15,Tuesday,7.1,341,91,183,40,5,39,2367,13.12,13837,15,54,75.9,0,N,N,0.00
7-Dec-15,Monday,7.4,477,61,181,40,23,42,2535,17.72,17317,9,54,77.7,0,N,N,0.00
6-Dec-15,Sunday,6.3,0,21,105,41,0,42,2037,14.81,17275,0,54,76.9,2,N,N,0.00
5-Dec-15,Saturday,6.1,143,41,181,41,1,44,2259,15.08,17659,7,54,75.3,4,N,N,0.00
4-Dec-15,Friday,5.9,689,104,172,40,31,46,2713,19.21,18899,18,54,76.8,6,N,N,0.00
3-Dec-15,Thursday,5.9,487,13,173,41,23,44,2478,11.57,13742,11,54,75.7,4,N,N,0.00
2-Dec-15,Wednesday,7.6,565,10,162,37,2,43,2666,19.63,19077,35,54,76.1,1,N,N,0.00
1-Dec-15,Tuesday,6.0,0,56,105,36,0,43,2064,16.22,17854,0,54,77.9,0,N,N,0.00
30-Nov-15,Monday,6.8,0,0,86,38,0,38,1989,6.06,7580,0,54,76.7,1,N,N,0.00
29-Nov-15,Sunday,6.6,0,7,101,41,0,42,2054,10.84,13545,0,54,77.0,1,N,N,0.00
28-Nov-15,Saturday,6.8,0,11,90,41,0,48,1972,7.93,9907,0,54,75.8,3,N,N,0.02
27-Nov-15,Friday,7.4,0,18,107,38,0,48,2091,8.89,11114,0,54,76.3,0,N,N,0.81
26-Nov-15,Thursday,7.5,441,33,175,41,12,42,2465,7.61,8289,13,54,76.2,0,N,N,0.00
25-Nov-15,Wednesday,6.9,568,29,173,36,31,44,2546,15.19,14755,8,54,76.7,0,N,N,0.00
24-Nov-15,Tuesday,6.6,0,16,94,39,0,41,2021,5.47,6835,0,54,76.2,0,N,N,0.00
23-Nov-15,Monday,7.2,648,72,186,40,27,50,2613,16.38,15676,16,54,78.2,0,N,N,0.00
22-Nov-15,Sunday,7.2,0,7,91,46,0,42,2014,9.51,11883,0,54,76.8,2,N,N,0.00
21-Nov-15,Saturday,8.2,336,1,182,42,16,52,2310,10.78,9401,7,54,76.8,2,N,N,2.61
20-Nov-15,Friday,8.5,0,3,102,39,0,44,1939,3.59,4484,0,54,78.0,2,N,N,0.02
19-Nov-15,Thursday,7.6,710,31,184,40,38,50,2802,20.74,20899,9,54,76.1,2,N,N,0.06
18-Nov-15,Wednesday,7.1,393,65,185,38,20,48,2462,8.44,7824,7,54,77.1,2,N,N,0.13
26-Oct-15,Monday,7.0,453,84,183,42,8,52,2441,18.29,18860,24,54,75.4,2,N,N,0.00
25-Oct-15,Sunday,6.8,482,144,191,43,17,44,2445,17.98,18835,15,54,75.4,0,N,N,0.00
24-Oct-15,Saturday,5.0,317,78,192,41,12,45,2249,9.52,9798,7,54,75.4,2,N,N,0.00
23-Oct-15,Friday,7.2,0,19,94,39,0,42,2053,6.21,7759,0,54,76.1,3,N,N,0.00
22-Oct-15,Thursday,6.9,826,109,196,38,9,42,2813,19.67,19793,41,54,76.1,0,N,N,0.00
21-Oct-15,Wednesday,7.5,650,73,178,42,38,40,2673,15.64,14752,5,54,78.5,0,N,N,0.00
20-Oct-15,Tuesday,7.2,0,7,180,40,0,42,1916,4.58,5725,0,54,77.2,0,N,N,0.00
19-Oct-15,Monday,6.8,494,92,183,39,19,40,2513,13.83,14126,14,54,76.2,0,N,N,0.00
18-Oct-15,Sunday,6.3,740,76,181,38,24,41,2747,18.57,17481,22,54,77.9,0,N,N,0.00
17-Oct-15,Saturday,7.7,0,16,106,38,0,39,2018,7.59,9386,0,54,77.9,3,N,N,0.00
16-Oct-15,Friday,9.3,0,39,103,45,0,41,2056,10.67,13250,0,54,77.9,3,N,N,0.00
15-Oct-15,Thursday,7.2,0,17,94,43,0,45,2037,4.79,5982,0,54,77.9,0,N,N,0.03
14-Oct-15,Wednesday,5.3,747,200,184,37,23,46,2758,16.74,17651,28,54,77.5,1,N,N,0.00
13-Oct-15,Tuesday,6.3,674,91,172,41,24,42,2652,17.03,16393,25,54,77.4,0,N,N,0.00
12-Oct-15,Monday,6.6,0,7,103,40,0,43,1969,3.69,4618,0,54,77.2,0,N,N,0.00
11-Oct-15,Sunday,6.0,0,33,117,41,0,42,2023,7.31,9041,0,54,77.8,1,N,N,0.00
10-Oct-15,Saturday,6.3,1940,86,191,36,116,45,3701,29.84,24885,11,54,77.8,4,N,N,0.00
9-Oct-15,Friday,6.8,428,37,204,38,15,39,2398,14.21,14703,12,54,77.8,3,N,N,0.00
8-Oct-15,Thursday,6.4,0,23,89,38,0,39,1960,4.97,6218,0,54,78.8,0,N,N,0.00
7-Oct-15,Wednesday,7.7,979,56,175,43,40,41,2885,18.35,16365,27,54,76.7,2,N,N,0.00
6-Oct-15,Tuesday,6.9,652,88,173,39,20,43,2695,19.17,19088,28,54,79.0,4,N,N,0.00
5-Oct-15,Monday,6.5,0,19,128,41,0,41,2055,7.85,9811,0,54,78.4,0,N,N,0.00
4-Oct-15,Sunday,3.6,489,79,180,39,27,44,2512,11.48,10858,6,54,78.4,0,N,N,0.00
3-Oct-15,Saturday,7.6,0,1,91,42,0,42,1912,4.72,5898,0,54,78.4,1,N,N,0.00
2-Oct-15,Friday,7.4,0,15,117,43,0,45,2009,9.47,11834,0,54,76.9,1,N,N,0.04
1-Oct-15,Thursday,4.5,512,75,173,37,34,45,2430,15.17,14108,1,54,77.3,0,N,N,0.00
30-Sep-15,Wednesday,7.0,572,39,178,40,12,40,2531,14.93,14437,31,54,78.5,0,N,N,0.00
29-Sep-15,Tuesday,7.2,677,23,183,39,34,43,2620,18.78,18464,9,54,77.5,0,N,N,0.00
28-Sep-15,Monday,7.0,709,80,175,38,30,42,2695,13.35,11872,21,54,77.5,0,N,N,0.00
27-Sep-15,Sunday,8.6,1449,140,186,38,63,42,3620,30.69,29399,31,54,77.7,0,N,N,0.00
26-Sep-15,Saturday,7.4,0,10,190,40,0,42,3283,10.37,12861,0,54,77.7,3,N,N,0.00
25-Sep-15,Friday,6.6,754,22,126,41,35,43,2200,17.70,17064,16,54,77.1,9,N,N,0.00
24-Sep-15,Thursday,6.6,744,79,180,39,48,43,2716,16.74,16090,3,54,77.9,0,N,N,0.00
23-Sep-15,Wednesday,8.2,0,29,177,34,0,40,2723,4.86,6072,0,54,78.9,2,N,N,0.00
22-Sep-15,Tuesday,7.4,0,12,107,38,0,41,2002,8.52,10656,0,54,77.7,1,N,N,0.00
21-Sep-15,Monday,7.2,683,31,111,38,26,41,2022,8.54,10488,23,54,76.9,0,N,N,0.00
20-Sep-15,Sunday,6.1,1836,139,175,41,58,42,2692,29.84,26319,60,54,77.7,1,N,N,0.00
19-Sep-15,Saturday,7.1,357,15,183,41,0,43,3714,15.17,16565,0,54,78.2,6,N,N,0.00
18-Sep-15,Friday,6.6,1166,76,191,38,0,43,2427,10.89,9513,69,54,78.2,3,N,N,0.00
17-Sep-15,Thursday,5.7,1363,90,181,36,10,43,2848,13.47,12358,53,54,77.6,1,N,N,0.00
16-Sep-15,Wednesday,7.6,682,17,127,38,0,40,2176,3.25,4058,0,54,77.6,0,N,N,0.00
15-Sep-15,Tuesday,7.7,640,19,89,39,0,40,2166,3.41,4266,0,54,78.2,0,N,N,0.00
14-Sep-15,Monday,7.6,946,21,103,37,10,41,2387,5.40,6673,18,54,77.6,0,N,N,0.00
13-Sep-15,Sunday,7.1,1477,10,180,42,18,41,2826,11.18,11503,39,54,77.8,1,N,N,0.00
12-Sep-15,Saturday,8.3,1153,7,96,40,61,45,2566,8.68,10856,11,54,78.4,4,N,N,0.00
11-Sep-15,Friday,5.7,0,15,98,47,0,52,2618,5.99,7487,0,54,80.9,2,N,N,10.32
10-Sep-15,Thursday,7.6,2352,254,184,45,127,42,3464,19.19,20558,49,54,79.3,1,N,N,0.00
9-Sep-15,Wednesday,6.8,2164,23,184,39,14,47,3409,17.64,16155,74,54,77.7,4,N,N,0.00
8-Sep-15,Tuesday,5.3,1131,71,180,37,19,41,2609,10.05,9944,36,54,78.0,0,N,N,0.00
7-Sep-15,Monday,8.5,1225,28,89,42,46,41,2620,9.05,11226,32,54,77.7,0,N,N,0.00
6-Sep-15,Sunday,6.7,3096,72,179,39,28,45,4297,31.78,28924,142,54,77.7,4,N,N,0.00
5-Sep-15,Saturday,4.7,1676,33,101,41,27,44,2933,11.27,12590,23,54,77.7,4,N,N,0.00
4-Sep-15,Friday,7.5,1887,47,186,40,15,40,3207,15.91,15515,56,54,80.3,7,N,N,0.00
3-Sep-15,Thursday,6.6,1469,40,181,39,30,41,2940,14.73,14282,61,54,79.7,0,N,N,0.00
2-Sep-15,Wednesday,7.3,914,24,120,41,20,41,2408,6.38,7979,13,54,79.1,1,N,N,0.00
1-Sep-15,Tuesday,6.5,2777,161,180,40,45,45,3974,26.27,26762,130,54,78.5,2,N,N,0.00
31-Aug-15,Monday,6.0,1820,95,191,37,19,41,3212,17.94,16609,82,54,78.0,1,N,N,0.00
30-Aug-15,Sunday,6.6,1164,3,178,43,10,41,2130,10.21,10311,28,54,78.2,0,N,N,0.00
29-Aug-15,Saturday,8.1,1720,71,179,40,24,51,3079,15.53,14862,75,54,77.7,8,N,N,0.00
28-Aug-15,Friday,7.2,1780,61,190,37,23,42,3143,16.12,15688,68,54,78.7,3,N,N,0.00
27-Aug-15,Thursday,6.1,1350,76,183,37,13,42,2786,11.64,11320,49,54,78.7,0,N,N,0.00
26-Aug-15,Wednesday,7.2,1390,87,181,36,13,39,2873,14.04,12555,61,54,78.4,0,N,N,0.00
25-Aug-15,Tuesday,7.4,866,28,104,40,13,40,2342,5.52,6715,16,54,78.1,0,N,N,0.00
24-Aug-15,Monday,7.3,1636,35,184,39,37,42,2990,14.53,15664,64,54,77.9,0,N,N,0.00
23-Aug-15,Sunday,7.5,1971,31,179,40,61,42,3311,18.60,18911,80,54,78.3,5,N,N,0.00
22-Aug-15,Saturday,9.3,1790,4,177,41,41,42,3133,16.29,17515,60,54,78.7,7,N,N,0.00
21-Aug-15,Friday,7.3,1658,91,175,40,3,43,3051,16.12,15214,61,54,77.6,5,N,N,0.00
20-Aug-15,Thursday,7.0,1380,48,176,39,24,43,2829,11.98,12602,47,54,78.8,1,N,N,0.00
19-Aug-15,Wednesday,7.3,1334,44,178,38,10,40,2808,11.58,11277,51,54,80.0,1,N,N,0.00
18-Aug-15,Tuesday,6.7,1488,80,181,38,0,39,2931,13.86,12354,51,54,78.5,0,N,N,0.00
17-Aug-15,Monday,6.7,1414,75,187,37,8,40,2845,13.00,12026,47,54,78.5,0,N,N,0.00
16-Aug-15,Sunday,6.9,1663,2,182,40,12,39,2963,12.75,13573,24,54,79.0,1,N,N,0.00
15-Aug-15,Saturday,6.4,1348,18,168,44,5,48,2671,8.07,9661,5,54,78.2,1,N,N,0.04
14-Aug-15,Friday,7.2,925,5,186,38,0,43,2422,6.93,6736,26,54,78.5,3,N,N,0.00
13-Aug-15,Thursday,5.2,1516,53,175,42,14,45,2971,14.15,13278,68,54,80.4,0,N,N,0.00
12-Aug-15,Wednesday,7.8,1115,11,91,40,6,40,2513,6.85,8561,6,54,79.0,1,N,N,0.00
11-Aug-15,Tuesday,7.5,1736,85,177,38,12,42,3106,16.66,15939,72,54,76.3,0,N,N,0.00
10-Aug-15,Monday,7.2,581,12,92,37,0,40,2127,3.15,3943,0,54,78.8,0,N,N,0.00
9-Aug-15,Sunday,7.1,1372,5,178,42,4,45,2752,11.11,10955,31,54,77.9,5,N,N,0.00
8-Aug-15,Saturday,7.4,2160,2,177,40,23,40,3390,17.89,17193,65,54,78.5,8,N,N,0.00
7-Aug-15,Friday,7.8,1476,76,174,39,7,43,2920,13.74,12291,59,54,79.1,5,N,N,0.00
6-Aug-15,Thursday,7.6,896,23,93,39,39,41,2408,7.51,9289,33,54,78.5,2,N,N,0.00
5-Aug-15,Wednesday,6.7,1313,7,176,40,5,42,2759,11.49,11243,38,54,79.2,0,N,N,0.00
4-Aug-15,Tuesday,7.3,1461,87,185,39,0,42,2871,13.72,12860,50,54,78.3,0,N,N,0.00
3-Aug-15,Monday,7.5,1215,75,174,40,1,42,2698,11.79,10453,48,54,78.3,0,N,N,0.00
2-Aug-15,Sunday,7.0,2744,43,179,40,1,43,3909,24.37,22298,90,54,80.6,0,N,N,0.00
1-Aug-15,Saturday,8.3,1138,6,98,40,42,42,2518,6.44,8050,3,54,78.6,8,N,N,0.00
31-Jul-15,Friday,7.3,1163,45,191,40,8,45,2615,9.28,9160,33,54,78.0,3,N,N,0.00
30-Jul-15,Thursday,6.9,1550,86,189,41,12,44,3003,15.37,13872,63,54,78.6,0,N,N,0.00
29-Jul-15,Wednesday,7.6,641,13,103,39,5,41,2185,3.74,4573,12,54,79.0,0,N,N,0.00
28-Jul-15,Tuesday,6.6,1507,16,183,39,16,43,2931,13.88,13222,64,54,78.3,0,N,N,0.00
27-Jul-15,Monday,7.9,2021,73,176,43,22,46,3382,19.77,19616,88,54,78.2,0,N,N,0.00
26-Jul-15,Sunday,6.3,1062,4,90,41,11,44,2472,6.92,8567,10,54,78.3,1,N,N,0.00
25-Jul-15,Saturday,5.5,297,3,92,41,23,42,2167,2.71,3393,12,54,78.3,1,N,N,0.00
24-Jul-15,Friday,4.2,1128,13,101,44,33,47,2548,8.77,10966,22,54,78.3,10,N,N,0.00
23-Jul-15,Thursday,5.8,907,27,89,41,32,44,2410,7.39,9240,33,54,78.3,2,N,N,0.00
22-Jul-15,Wednesday,5.5,968,0,87,40,21,42,2434,6.79,8488,22,54,78.3,1,N,N,0.00
21-Jul-15,Tuesday,4.8,2500,3,182,42,49,45,3794,27.28,25282,115,54,78.3,3,N,N,0.00
20-Jul-15,Monday,5.4,1942,8,178,53,27,56,3220,15.21,14991,88,54,78.3,10,N,N,0.00
19-Jul-15,Sunday,7.6,571,4,94,37,3,40,2134,3.19,3896,6,54,78.4,10,N,N,0.00
18-Jul-15,Saturday,4.5,941,11,83,39,0,43,2372,4.54,5418,0,54,78.4,2,N,N,0.00
17-Jul-15,Friday,7.2,1645,85,177,43,17,46,3167,17.05,15970,67,54,77.9,5,N,N,0.00
16-Jul-15,Thursday,6.8,1367,75,173,38,0,41,2892,13.98,11835,51,54,77.9,2,N,N,0.00
15-Jul-15,Wednesday,7.2,1250,40,114,41,11,44,2706,8.91,9290,30,54,78.4,2,N,N,0.00
14-Jul-15,Tuesday,7.4,1479,81,174,39,0,41,2982,15.54,13150,53,54,77.6,0,N,N,0.00
13-Jul-15,Monday,7.6,1027,9,179,40,11,43,2563,9.22,8463,35,54,77.8,0,N,N,0.00
12-Jul-15,Sunday,7.8,1172,11,81,39,20,41,2604,8.86,8777,0,54,77.8,4,N,N,0.00
11-Jul-15,Saturday,8.8,1634,13,170,38,21,40,3015,13.58,14029,26,54,77.9,6,N,N,0.00
10-Jul-15,Friday,7.9,439,1,93,38,8,40,2069,3.02,2859,1,54,77.9,1,N,N,0.00
9-Jul-15,Thursday,6.3,745,8,93,37,0,40,2301,4.66,4334,0,54,78.1,0,N,N,0.00
8-Jul-15,Wednesday,9.1,1726,16,182,38,42,41,3164,16.03,10947,45,54,79.1,4,N,N,0.00
7-Jul-15,Tuesday,8.0,1543,6,172,40,26,43,2926,13.69,15024,13,54,79.0,5,N,N,0.00
6-Jul-15,Monday,8.5,575,2,92,40,16,42,2154,3.16,3796,11,54,79.0,4,N,N,0.00
5-Jul-15,Sunday,8.2,3384,25,191,44,33,46,4625,39.33,35773,149,54,78.9,6,N,N,0.00
4-Jul-15,Saturday,7.2,937,3,107,42,0,44,2336,3.86,4819,0,54,78.8,2,N,N,0.00
3-Jul-15,Friday,6.6,1448,13,180,41,41,42,2834,11.45,13855,21,54,78.8,6,N,N,0.00
2-Jul-15,Thursday,8.2,838,5,99,40,20,41,2319,5.68,7102,3,54,78.7,3,N,N,0.00
1-Jul-15,Wednesday,7.2,1498,4,170,40,13,43,2837,7.19,8992,10,54,78.7,3,N,N,0.00
30-Jun-15,Tuesday,6.5,989,14,105,40,31,42,2299,7.33,8946,19,54,78.5,0,N,N,0.00
29-Jun-15,Monday,5.2,1495,82,177,46,16,49,2955,14.95,13439,61,54,77.7,0,N,N,0.00
28-Jun-15,Sunday,7.4,1177,8,154,38,43,41,2546,5.95,7439,4,54,78.9,0,N,N,0.00
27-Jun-15,Saturday,5.5,1159,9,108,50,57,53,2562,8.03,10037,27,54,77.8,14,N,N,0.00
26-Jun-15,Friday,7.2,1643,83,174,39,10,42,3063,16.24,15083,66,54,77.4,0,N,N,0.00
25-Jun-15,Thursday,7.2,464,7,86,38,0,40,2052,2.13,2658,0,54,79.2,0,N,N,0.00
24-Jun-15,Wednesday,6.9,934,4,89,39,25,41,2437,7.53,9417,18,54,79.5,3,N,N,0.00
23-Jun-15,Tuesday,6.5,637,17,92,38,0,39,2175,2.97,3716,0,54,78.8,0,N,N,0.00
22-Jun-15,Monday,6.6,1281,163,184,39,15,41,2753,13.82,12747,58,54,77.6,0,N,N,0.00
21-Jun-15,Sunday,6.5,1121,1,107,45,18,48,2508,6.28,7560,16,54,78.0,1,N,N,0.32
20-Jun-15,Saturday,8.1,858,4,94,38,6,41,2323,4.77,5961,0,54,79.2,0,N,N,0.00
19-Jun-15,Friday,7.9,1776,7,159,38,45,40,2936,8.30,10381,11,54,77.5,0,N,N,0.00
18-Jun-15,Thursday,7.7,838,4,160,38,32,39,2301,5.64,7049,14,54,77.2,0,N,N,0.00
17-Jun-15,Wednesday,6.6,1455,47,114,40,35,42,2832,10.40,12817,56,54,77.6,1,N,N,0.00
16-Jun-15,Tuesday,7.5,1731,81,175,39,6,40,3108,16.00,15366,53,54,77.5,0,N,N,0.00
15-Jun-15,Monday,7.5,1025,23,154,38,29,40,2465,7.17,8781,19,54,78.0,0,N,N,0.00
14-Jun-15,Sunday,8.2,1673,82,187,41,42,43,2994,13.17,13471,38,54,77.8,2,N,N,0.00
13-Jun-15,Saturday,6.9,1720,31,180,40,15,42,3052,14.05,14222,53,54,78.0,6,N,N,0.00
12-Jun-15,Friday,8.0,1441,38,162,41,17,43,2947,13.39,12393,43,54,77.9,6,N,N,0.00
11-Jun-15,Thursday,7.2,1045,29,130,42,8,45,2531,7.53,7747,18,54,77.8,1,N,N,0.00
10-Jun-15,Wednesday,7.4,1200,31,155,41,12,45,2653,9.8,10097,26,54,78.1,0,N,N,0.02
9-Jun-15,Tuesday,7.8,3136,76,187,42,13,47,4475,38.9,33609,175,54,78.4,0,N,N,0.00
8-Jun-15,Monday,8.0,1538,55,163,38,9,44,3012,14.2,13236,44,54,78.7,0,N,N,0.00
7-Jun-15,Sunday,9.0,1770,68,170,38,2,43,3181,16.5,13386,50,54,77.5,1,N,N,0.00
6-Jun-15,Saturday,9.0,1250,3,94,39,6,40,2699,8.6,8661,0,54,77.5,2,N,N,0.00
5-Jun-15,Friday,7.4,1747,88,187,41,5,44,3219,17.9,15776,69,54,76.4,7,N,N,0.00
4-Jun-15,Thursday,8.1,1493,23,154,41,6,42,2963,14.1,13818,53,54,77.6,0,N,N,0.00
3-Jun-15,Wednesday,7.6,1627,42,163,39,21,43,3071,15.1,14333,53,54,78.0,0,N,N,0.00
2-Jun-15,Tuesday,7.4,1211,80,172,38,1,41,2756,13.8,11444,51,54,76.8,0,N,N,0.00
1-Jun-15,Monday,9.8,1670,26,153,40,3,42,3079,13.9,13508,43,54,79.0,1,N,N,0.00
